name,id,email,last_name,516d8ae6-26dc-4789-837a-3e6e3c827683
test,250715,test@test.com,test,kjacsn
test2,250715,test2@test.com,test,ascas
test3,250715,test3@test.com,test,ascasc
test4,250715,test4@test.com,test,ascasc
test,250715,test5@test.com,test,kjacsn
test2,250715,test6@test.com,test,ascas
test3,250715,test7@test.com,test,ascasc
test4,250715,test8@test.com,test,ascasc
test5,250715,test9@test.com,test,ascasc
test5,250715,test10@test.com,test,ascasc
test5,250715,12@test.com,test,ascasc
test5,250715,13@test.com,test,ascasc
test5,250715,14@test.com,test,ascasc
test5,250715,15@test.com,test,ascasc
test5,250715,16@test.com,test,ascasc
test5,250715,17@test.com,test,ascasc
test5,250715,18@test.com,test,ascasc
test5,250715,19@test.com,test,ascasc
test5,250715,20@test.com,test,ascasc
test5,250715,21@test.com,test,ascasc
test5,250715,22@test.com,test,ascasc
test5,250715,23@test.com,test,ascasc
test5,250715,24@test.com,test,ascasc
test5,250715,25@test.com,test,ascasc
test5,250715,26@test.com,test,ascasc
test5,250715,27@test.com,test,ascasc
test5,250715,28@test.com,test,ascasc
test5,250715,29@test.com,test,ascasc
test5,250715,30@test.com,test,ascasc
test5,250715,31@test.com,test,ascasc
test5,250715,32@test.com,test,ascasc
test5,250715,33@test.com,test,ascasc
test5,250715,34@test.com,test,ascasc
test5,250715,35@test.com,test,ascasc
test5,250715,36@test.com,test,ascasc
test5,250715,37@test.com,test,ascasc
test5,250715,38@test.com,test,ascasc
test5,250715,39@test.com,test,ascasc
test5,250715,40@test.com,test,ascasc
test5,250715,41@test.com,test,ascasc
test5,250715,42@test.com,test,ascasc
test5,250715,43@test.com,test,ascasc
test5,250715,44@test.com,test,ascasc
test5,250715,45@test.com,test,ascasc
test5,250715,46@test.com,test,ascasc
test5,250715,47@test.com,test,ascasc
test5,250715,48@test.com,test,ascasc
test5,250715,49@test.com,test,ascasc
test5,250715,50@test.com,test,ascasc
test5,250715,51@test.com,test,ascasc
test5,250715,52@test.com,test,ascasc
test5,250715,53@test.com,test,ascasc
test5,250715,54@test.com,test,ascasc
test5,250715,55@test.com,test,ascasc
test5,250715,56@test.com,test,ascasc
test5,250715,57@test.com,test,ascasc
test5,250715,58@test.com,test,ascasc
test5,250715,59@test.com,test,ascasc
test5,250715,60@test.com,test,ascasc
test5,250715,61@test.com,test,ascasc
test5,250715,62@test.com,test,ascasc
test5,250715,63@test.com,test,ascasc
test5,250715,64@test.com,test,ascasc
test5,250715,65@test.com,test,ascasc
test5,250715,67@test.com,test,ascasc
test5,250715,68@test.com,test,ascasc
test5,250715,69@test.com,test,ascasc
test5,250715,70@test.com,test,ascasc
test5,250715,71@test.com,test,ascasc
test5,250715,72@test.com,test,ascasc
test5,250715,73@test.com,test,ascasc